﻿<labels>
<!-- Video player chrome controls -->
        <label key="controls play">SPILL</label>
        <label key="controls pause">PAUSE</label>         
        <label key="controls menu">MENY</label>         
        <label key="controls play tooltip">Spill</label>         
        <label key="controls pause tooltip">Pause</label>         
        <label key="controls volume tooltip">Åpne volumkontroll</label>         
        <label key="controls maximize tooltip">Fullskjermvisning</label>         
        <label key="controls minimize tooltip">Avslutt fullskjermvisning</label>         
        <label key="community share">e-post</label>
        <label key="community socialShare">del</label>         
        <label key="community link">hent kobling</label>         
        <label key="community code">hent kode</label>         
        <label key="community share tooltip">Send video via e-post til en venn</label>
        <label key="community socialShare tooltip">Del denne videoen</label>         
        <label key="community link tooltip">Hent direktekobling til video</label>         
        <label key="community code tooltip">Hent HTML for innbygging av avspiller</label>     
<!-- Advertising -->    
        <label key="expand banner"><![CDATA[UTVIDE  >]]></label>         
        <label key="collapse banner">SKJULE X</label>         
        <label key="sponsor message">Sponsormelding.</label>              
<!-- Volume controls -->    
        <label key="mute tooltip">demp</label>         
        <label key="unmute tooltip">aktiver lyd</label>     
<!-- Right click context menu options -->   
        <label key="rightclick menu">Åpne meny</label>         
        <label key="rightclick fullscreen">Fullskjermvisning</label>         
        <label key="rightclick exit fullscreen">Avslutt fullskjermvisning</label>         
        <label key="rightclick show debug">Vis feilsøkingsinformasjon</label>         
        <label key="rightclick hide debug">Skul feilsøkingsinformasjon</label>     
<!-- Error messaging -->         
        <label key="noContent">Ingen videoer er for tiden \ntilgjengelige.
            \n\nPrøv igjen senere.</label>         
        <label key="unavailableContent">Videoen du prøver å  
            se, er for tiden ikke tilgjengelig.\n\nPrøv igjen litt senere.</label>         
        <label key="upgradeRequired">Du må ha Flash 9.0.115.0 eller senere for å se dette innholdet.\n\nKlikk &lt;a href='http://www.adobe.com/go/getflash/' target='_blank'&gt;&lt;u&gt;her&lt;/u&gt;&lt;/a&gt; for å oppgradere avspilleren.</label>         
        <label key="messaging OK">OK</label>     
<!-- General messaging -->         
        <label key="YOU ARE WATCHING:">DU SER NÅ PÅ:</label>         
        <label key="connecting">LASTER VIDEO</label>         
        <label key="please select:">vennligst velg:</label>     
<!-- General menu navigation -->         
        <label key="menu info">Info</label>         
        <label key="menu email">e-post</label>         
        <label key="menu link">Hent kobling</label>
        <label key="menu share">Del video</label>
        <label key="expand">Utvid</label>         
        <label key="menu embed">Hent kode</label>         
        <label key="menu play">Spill av video</label>         
        <label key="menu replay">Spill av igjen</label>         
        <label key="menu resume">Fortsett</label>         
        <label key="cancel button">Avbryt</label>         
        <label key="continue button">Fortsett</label>         
        <label key="close tooltip">Lukk</label>          
<!-- Email video menu screen -->         
        <label key="email page title">Send via e-post til en venn</label>         
        <label key="email your email">Din e-postadresse</label>         
        <label key="email friend email"><![CDATA[Din venns e-postadresse]]></label>         
        <label key="email message">Melding (valgfritt)</label>         
        <label key="email send">Send</label>         
        <label key="email video">Send video via e-post</label>         
        <label key="email error">Angi korrekte e-postadresser.</label>         
        <label key="email confirmation text">E-posten ble sent</label>          
<!-- Share video menu screen -->
        <label key="share title">Del denne videoen</label>
        <label key="share directions">Del direkte på disse webområdene</label>
        <label key="share facebook">Del på Facebook</label>
        <label key="share twitter">Del på Twitter</label>
        <label key="share twitter message">Sjekk+ut+</label>
        <label key="share link">Kopier kobling</label>
<!-- Embed code menu screen -->         
        <label key="embed title">Legg til på webområde eller blogg</label>         
        <label key="embed directions">Kopier kode eller velg bloggtjeneste</label>         
        <label key="embed code">Bygg inn kode</label>         
        <label key="embed copy code">Kopier kode</label>         
        <label key="embed copied">Kopiert</label>         
        <label key="blog processing">Behandler ...</label>         
        <label key="blog username">Brukernavn</label>         
        <label key="blog password">Passord</label>         
        <label key="blog blogger">Blogger</label>         
        <label key="blog livejournal">LiveJournal</label>         
        <label key="blog typepad">TypePad</label>         
        <label key="blog wordpress">WordPress</label>         
        <label key="blog error">Feil brukernavn/passord-kombinasjon.</label>         
        <label key="blog post select directions">Velg en blogg</label>         
        <label key="blog post enter title">Tittel på posten</label>         
        <label key="blog post enter description">Beskrivelse av posten (valgfritt)</label>         
        <label key="blog post post video">Post video</label>         
        <label key="blog post small video">300 x 225</label>         
        <label key="blog post large video">480 x 360</label>         
        <label key="blog post error">En feil er oppstått. Prøv igjen.</label>         
        <label key="blog confirmation text">Post sendt</label>     
<!-- Link to video menu screen -->         
        <label key="link title">Kobling til denne videoen</label>         
        <label key="link directions">Del via e-post eller lynmelding</label>         
        <label key="link copy link">Kopier kobling</label>         
        <label key="link copied">Kopiert</label>     
<!-- Info and additional videos menu screen -->         
        <label key="info terms">Vilkår & betingelser</label>         
        <label key="related videos">Beslektede videoer</label>         
        <label key="most viewed videos">Mest sett</label>         
        <label key="newest videos">Nyest</label> 
</labels>
