﻿<?xml version="1.0" encoding="UTF-8" standalone="yes"?>
<labels xmlns:xsi="http://www.w3.org/2001/XMLSchema-instance">

<!-- Video player chrome controls -->
        <label key="controls play">播放</label>
        <label key="controls pause">暫停</label>         
        <label key="controls menu">功能表</label>         
        <label key="controls play tooltip">播放</label>         
        <label key="controls pause tooltip">暫停</label>         
        <label key="controls volume tooltip">開啟音量控制</label>         
        <label key="controls maximize tooltip">全螢幕模式</label>         
        <label key="controls minimize tooltip">退出全螢幕模式</label>         
        <label key="community share">電子郵件</label>
        <label key="community socialShare">分享</label>         
        <label key="community link">取得連結</label>         
        <label key="community code">取得代碼</label>         
        <label key="community share tooltip">使用電子郵件傳送視訊給朋友</label>
        <label key="community socialShare tooltip">分享此視訊</label>         
        <label key="community link tooltip">取得視訊的直接連結</label>         
        <label key="community code tooltip">取得內嵌播放器的 HTML 代碼</label>     
<!-- Advertising -->    
        <label key="expand banner"><![CDATA[展開  >]]></label>         
        <label key="collapse banner">收合  X</label>         
        <label key="sponsor message">贊助商訊息。</label>              
<!-- Volume controls -->    
        <label key="mute tooltip">靜音</label>         
        <label key="unmute tooltip">取消靜音</label>     
<!-- Right click context menu options -->   
        <label key="rightclick menu">開啟功能表</label>         
        <label key="rightclick fullscreen">全螢幕模式</label>         
        <label key="rightclick exit fullscreen">退出全螢幕模式</label>         
        <label key="rightclick show debug">顯示除錯資訊</label>         
        <label key="rightclick hide debug">隱藏除錯資訊</label>     
<!-- Error messaging -->         
        <label key="noContent">此時沒有可用的\n視訊。
			\n\n請稍後再返回檢查。</label>         
        <label key="unavailableContent">您嘗試觀看的視訊 
			目前無法使用。\n\n請稍待片刻再返回檢查。</label>         
        <label key="upgradeRequired">需要 Flash 9.0.115.0 或更新版本才能檢視此內容。\n\n按一下 &lt;a href='http://www.adobe.com/go/getflash/' target='_blank'&gt;&lt;u&gt;這裡&lt;/u&gt;&lt;/a&gt; 可升級您的播放器。</label>         
        <label key="messaging OK">確定</label>     
<!-- General messaging -->         
        <label key="YOU ARE WATCHING:">您將要觀看：</label>         
        <label key="connecting">正在載入視訊</label>         
        <label key="please select:">請選取：</label>     
<!-- General menu navigation -->         
        <label key="menu info">資訊</label>         
        <label key="menu email">以電子郵件傳送視訊</label>         
        <label key="menu link">取得連結</label>
        <label key="menu share">分享視訊</label>
        <label key="expand">展開</label>         
        <label key="menu embed">取得代碼</label>         
        <label key="menu play">播放視訊</label>         
        <label key="menu replay">重播</label>         
        <label key="menu resume">繼續播放</label>         
        <label key="cancel button">取消</label>         
        <label key="continue button">繼續</label>         
        <label key="close tooltip">關閉</label>          
<!-- Email video menu screen -->         
        <label key="email page title">傳送電子郵件給朋友</label>         
        <label key="email your email">您的電子郵件</label>         
        <label key="email friend email"><![CDATA[朋友的電子郵件]]></label>         
        <label key="email message">訊息（非必要）</label>         
        <label key="email send">傳送</label>         
        <label key="email video">以電子郵件傳送視訊</label>         
        <label key="email error">請輸入正確的電子郵件地址。</label>         
        <label key="email confirmation text">您的電子郵件已傳送</label>          
<!-- Share video menu screen -->
        <label key="share title">分享此視訊</label>
        <label key="share directions">直接在這些網站分享</label>
        <label key="share facebook">在 Facebook 上分享</label>
        <label key="share twitter">在 Twitter 上分享</label>
        <label key="share twitter message">查看結果</label>
        <label key="share link">複製連結</label>
<!-- Embed code menu screen -->         
        <label key="embed title">加入到網站或部落格</label>         
        <label key="embed directions">複製代碼或選取部落格服務</label>         
        <label key="embed code">嵌入式代碼</label>         
        <label key="embed copy code">複製代碼</label>         
        <label key="embed copied">已複製</label>         
        <label key="blog processing">處理中...</label>         
        <label key="blog username">使用者名稱</label>         
        <label key="blog password">密碼</label>         
        <label key="blog blogger">Blogger</label>         
        <label key="blog livejournal">LiveJournal</label>         
        <label key="blog typepad">TypePad</label>         
        <label key="blog wordpress">WordPress</label>         
        <label key="blog error">錯誤的登入名稱/密碼組合。</label>         
        <label key="blog post select directions">選取部落格</label>         
        <label key="blog post enter title">公告標題</label>         
        <label key="blog post enter description">公告說明（非必要）</label>         
        <label key="blog post post video">公告視訊</label>         
        <label key="blog post small video">300 x 225</label>         
        <label key="blog post large video">480 x 360</label>         
        <label key="blog post error">發生錯誤。請再試一次。</label>         
        <label key="blog confirmation text">公告已提交</label>     
<!-- Link to video menu screen -->         
        <label key="link title">連結到此視訊</label>         
        <label key="link directions">透過電子郵件或 IM 分享</label>         
        <label key="link copy link">複製連結</label>         
        <label key="link copied">已複製</label>     
<!-- Info and additional videos menu screen -->         
        <label key="info terms">使用條款</label>         
        <label key="related videos">相關視訊</label>         
        <label key="most viewed videos">最多觀看</label>         
        <label key="newest videos">最新</label> 
</labels>
